CREATE TABLE chair (id SERIAL PRIMARY KEY, name varchar NOT NULL, deanery varchar NOT NULL, UNIQUE (name));
CREATE TABLE student_group (id SERIAL PRIMARY KEY, numb varchar NOT NULL, chair varchar NOT NULL REFERENCES chair(name), UNIQUE (numb));
CREATE TABLE student (id SERIAL PRIMARY KEY, full_name varchar NOT NULL, passport varchar(10) NOT NULL, group_numb varchar REFERENCES student_group(numb));
INSERT INTO chair (name, deanery) VALUES ('МТС', 'СиСС');
INSERT INTO chair (name, deanery) VALUES ('РТС', 'РиТ');
INSERT INTO student_group (numb, chair) VALUES ('БИК2204', 'РТС');
INSERT INTO student_group (numb, chair) VALUES ('БИК2208', 'РТС');
INSERT INTO student_group (numb, chair) VALUES ('БИН2207', 'МТС');
INSERT INTO student_group (numb, chair) VALUES ('БИН2209', 'МТС');
INSERT INTO student (full_name, passport, group_numb) VALUES ('Матвеева Кира Егоровна', '1546831576', 'БИН2207');
INSERT INTO student (full_name, passport, group_numb) VALUES ('Сидоров Арсений Константинович', '8731649514', 'БИН2207');
INSERT INTO student (full_name, passport, group_numb) VALUES ('Кузнецов Владимир Львович', '6784325427', 'БИН2207');
INSERT INTO student (full_name, passport, group_numb) VALUES ('Фролов Альберт Кириллович', '5713849524', 'БИН2207');
INSERT INTO student (full_name, passport, group_numb) VALUES ('Беликова Софья Матвеевна', '3485279568', 'БИН2207');
INSERT INTO student (full_name, passport, group_numb) VALUES ('Фролов Тимофей Богданович', '4349200400', 'БИН2209');
INSERT INTO student (full_name, passport, group_numb) VALUES ('Кочеткова Варвара Мироновна', '8734952864', 'БИН2209');
INSERT INTO student (full_name, passport, group_numb) VALUES ('Myратова Василиса Дмитриевна', '6753521346', 'БИН2209');
INSERT INTO student (full_name, passport, group_numb) VALUES ('Myратова Василиса Дмитриевна', '6753521346', 'БИН2209');
INSERT INTO student (full_name, passport, group_numb) VALUES ('Никитин Дмитрий Егорович', '4973584610', 'БИН2209');
INSERT INTO student (full_name, passport, group_numb) VALUES ('Щербаков Матвей Фёдорович', '5731408642', 'БИК2204');
INSERT INTO student (full_name, passport, group_numb) VALUES ('Васильев Тимофей Глебович', '2014672593', 'БИК2204');
INSERT INTO student (full_name, passport, group_numb) VALUES ('Платонов Михаил Родионович', '3891075461', 'БИК2204');
INSERT INTO student (full_name, passport, group_numb) VALUES ('Афанасьев Арсений Тихонович', '6017685426', 'БИК2204');
INSERT INTO student (full_name, passport, group_numb) VALUES ('Горбунов Никита Дмитриевич', '', 'БИК2204');
INSERT INTO student (full_name, passport, group_numb) VALUES ('Васильева Софья Павловна', '5964823025', 'БИН2208');
INSERT INTO student (full_name, passport, group_numb) VALUES ('Гусева Ольга Ильинична', '3594078134', 'БИН2208');
INSERT INTO student (full_name, passport, group_numb) VALUES ('Давыдов Фёдор Робертович', '8463875946', 'БИН2208');
INSERT INTO student (full_name, passport, group_numb) VALUES ('Егорова Софья Ивановна', '6863655936', 'БИН2208');
INSERT INTO student (full_name, passport, group_numb) VALUES ('Лебедев Никита Александрович', '9765432108', 'БИН2208');